"ascl_id";"bibcode";"title";"emac_url"
"0011.001";"2000ascl.soft11001D";"StarFinder: A code for stellar field analysis";"https://emac.gsfc.nasa.gov?cid=2503-002"
"1010.083";"2010ascl.soft10083P";"MESA: Modules for Experiments in Stellar Astrophysics";"https://emac.gsfc.nasa.gov?cid=2207-131"
"1104.002";"2011ascl.soft04002C";"AstroBEAR: Adaptive Mesh Refinement Code for Ideal Hydrodynamics & Magnetohydrodynamics";"https://emac.gsfc.nasa.gov?cid=2207-115"
"1108.017";"2011ascl.soft08017B";"SHELLSPEC: Simple Radiative Transfer along Line of Sight in Moving Media";"https://emac.gsfc.nasa.gov?cid=2207-084"
"1110.016";"2011ascl.soft10016R";"REBOUND: Multi-purpose N-body code for collisional dynamics";"https://emac.gsfc.nasa.gov?cid=2207-127"
"1112.019";"2011ascl.soft12019C";"Aladin: Interactive Sky Atlas";"https://emac.gsfc.nasa.gov?cid=2207-009"
"1202.009";"2012ascl.soft02009S";"MOOG: LTE line analysis and spectrum synthesis";"https://emac.gsfc.nasa.gov?cid=2503-010"
"1207.013";"2012ascl.soft07013S";"JKTEBOP: Analyzing light curves of detached eclipsing binaries";"https://emac.gsfc.nasa.gov?cid=2407-008"
"1208.016";"2012ascl.soft08016H";"VARTOOLS: Light Curve Analysis Program";"https://emac.gsfc.nasa.gov?cid=2207-088"
"1210.030";"2012ascl.soft10030W";"BOOTTRAN: Error Bars for Keplerian Orbital Parameters";"https://emac.gsfc.nasa.gov?cid=2403-010"
"1210.031";"2012ascl.soft10031W";"RVLIN: Fitting Keplerian curves to radial velocity data";"https://emac.gsfc.nasa.gov?cid=2207-071"
"1309.001";"2013ascl.soft09001C";"AstroImageJ: ImageJ for Astronomy";"https://emac.gsfc.nasa.gov?cid=2207-155"
"1311.004";"2013ascl.soft11004B";"PlanetPack: Radial-velocity time-series analysis tool";"https://emac.gsfc.nasa.gov?cid=2207-047"
"1408.005";"2014ascl.soft08005P";"POET: Planetary Orbital Evolution due to Tides";"https://emac.gsfc.nasa.gov?cid=2207-107"
"1411.018";"2014ascl.soft11018G";"GPI Pipeline: Gemini Planet Imager Data Pipeline";"https://emac.gsfc.nasa.gov?cid=2207-073"
"1411.015";"2014ascl.soft11015B";"SPOTROD: Semi-analytic model for transits of spotted stars";"https://emac.gsfc.nasa.gov?cid=2207-086"
"1501.012";"2015ascl.soft01012K";"Exorings: Exoring modelling software";"https://emac.gsfc.nasa.gov?cid=2207-078"
"1501.013";"2015ascl.soft01013S";"Molecfit: Telluric absorption correction tool";"https://emac.gsfc.nasa.gov?cid=2211-005"
"1503.004";"2015ascl.soft03004G";"HELIOS-K: Opacity Calculator for Radiative Transfer";"https://emac.gsfc.nasa.gov?cid=2207-004"
"1504.021";"2015ascl.soft04021D";"SOAP 2.0: Spot Oscillation And Planet 2.0";"https://emac.gsfc.nasa.gov?cid=2207-016"
"1505.024";"2015ascl.soft05024P";"PyTransit: Transit light curve modeling";"https://emac.gsfc.nasa.gov?cid=2207-028"
"1506.001";"2015ascl.soft06001W";"pyKLIP: PSF Subtraction for Exoplanets and Disks";"https://emac.gsfc.nasa.gov?cid=2207-172"
"1510.002";"2015ascl.soft10002K";"batman: BAsic Transit Model cAlculatioN in Python";"https://emac.gsfc.nasa.gov?cid=2207-163"
"1510.003";"2015ascl.soft10003P";"PyLDTk: Python toolkit for calculating stellar limb darkening profiles and model-specific coefficients for arbitrary filters";"https://emac.gsfc.nasa.gov?cid=2207-027"
"1603.002";"2016ascl.soft03002B";"CORBITS: Efficient Geometric Probabilities of Multi-Transiting Exoplanetary Systems";"https://emac.gsfc.nasa.gov?cid=2504-008"
"1603.003";"2016ascl.soft03003G";"VIP: Vortex Image Processing pipeline for high-contrast direct imaging of exoplanets";"https://emac.gsfc.nasa.gov?cid=2207-116"
"1703.004";"2017ascl.soft03004M";"PHOTOMETRYPIPELINE: Automated photometry pipeline";"https://emac.gsfc.nasa.gov/?cid=2207-044"
"1604.012";"2016ascl.soft04012A";"TTVFaster: First order eccentricity transit timing variations (TTVs)";"https://emac.gsfc.nasa.gov?cid=2207-077"
"1605.010";"2016ascl.soft05010F";"TRIPPy: Python-based Trailed Source Photometry";"https://emac.gsfc.nasa.gov?cid=2207-049"
"1906.022";"2019ascl.soft06022B";"pyLIMA: Microlensing modeling package";"https://emac.gsfc.nasa.gov?cid=2207-070"
"1704.011";"2017ascl.soft04011T";"VULCAN: Chemical Kinetics For Exoplanetary Atmospheres";"https://emac.gsfc.nasa.gov?cid=2207-052"
"1701.001";"2017ascl.soft01001P";"The Joker: A custom Monte Carlo sampler for binary-star and exoplanet radial velocity data";"https://emac.gsfc.nasa.gov?cid=2207-095"
"1701.007";"2017ascl.soft01007C";"Forecaster: Mass and radii of planets predictor";"https://emac.gsfc.nasa.gov?cid=2207-114"
"1708.004";"2017ascl.soft08004G";"Astroquery: Access to online data resources";"https://emac.gsfc.nasa.gov?cid=2212-003"
"1703.013";"2017ascl.soft03013T";"Atmospheric Athena: 3D Atmospheric escape model with ionizing radiative transfer";"https://emac.gsfc.nasa.gov?cid=2403-016"
"1706.010";"2017ascl.soft06010S";"EXOSIMS: Exoplanet Open-Source Imaging Mission Simulator";"https://emac.gsfc.nasa.gov?cid=2207-165"
"1707.003";"2017ascl.soft07003B";"pyaneti: Multi-planet radial velocity and transit fitting";"https://emac.gsfc.nasa.gov?cid=2207-105"
"1710.003";"2017ascl.soft10003E";"EXOFASTv2: Generalized publication-quality exoplanet modeling code";"https://emac.gsfc.nasa.gov?cid=2207-173"
"1801.012";"2018ascl.soft01012F";"RadVel: General toolkit for modeling Radial Velocities";"https://emac.gsfc.nasa.gov?cid=2207-064"
"1803.006";"2018ascl.soft03006P";"MulensModel: Microlensing light curves modeling";"https://emac.gsfc.nasa.gov?cid=2207-125"
"1803.014";"2018ascl.soft03014Y";"ExoCross: Spectra from molecular line lists";"https://emac.gsfc.nasa.gov?cid=2207-085"
"1804.025";"2018ascl.soft04025K";"FastChem: An ultra-fast equilibrium chemistry";"https://emac.gsfc.nasa.gov?cid=2209-007"
"1804.020";"2018ascl.soft04020F";"Agatha: Disentangling period signals from correlated noise in a periodogram framework";"https://emac.gsfc.nasa.gov?cid=2207-161"
"1805.007";"2018ascl.soft05007F";"exocartographer: Constraining surface maps orbital parameters of exoplanets";"https://emac.gsfc.nasa.gov?cid=2207-011"
"1807.009";"2018ascl.soft07009M";"HELIOS: Radiative transfer code for exoplanetary atmospheres";"https://emac.gsfc.nasa.gov?cid=2207-170"
"1807.010";"2018ascl.soft07010M";"THOR: Global Circulation Model for planetary atmospheres";"https://emac.gsfc.nasa.gov?cid=2207-104"
"1808.001";"2018ascl.soft08001K";"Barycorrpy: Barycentric velocity calculation and leap second management";"https://emac.gsfc.nasa.gov?cid=2207-128"
"1808.008";"2018ascl.soft08008R";"PyMieDap: Python Mie Doubling Adding Program";"https://emac.gsfc.nasa.gov?cid=2207-033"
"1809.010";"2018ascl.soft09010V";"Isca: Idealized global circulation modeling";"https://emac.gsfc.nasa.gov?cid=2207-026"
"1809.004";"2018ascl.soft09004B";"VBBINARYLENSING: Microlensing light-curve computation";"https://emac.gsfc.nasa.gov?cid=2207-112"
"1810.007";"2018ascl.soft10007S";"ARTES: 3D Monte Carlo scattering radiative transfer in planetary atmospheres";"https://emac.gsfc.nasa.gov?cid=2207-076"
"1812.010";"2018ascl.soft12010S";"PynPoint 0.6.0: Pipeline for processing and analysis of high-contrast imaging data";"https://emac.gsfc.nasa.gov?cid=2207-134"
"1810.005";"2018ascl.soft10005L";"STARRY: Analytic computation of occultation light curves";"https://emac.gsfc.nasa.gov?cid=2207-148"
"1811.017";"2018ascl.soft11017B";"VPLanet: Virtual planet simulator";"https://emac.gsfc.nasa.gov?cid=2207-138"
"1812.013";"2018ascl.soft12013L";"Lightkurve: Kepler and TESS time series analysis in Python";"https://emac.gsfc.nasa.gov?cid=2207-153"
"1812.014";"2018ascl.soft12014G";"GENGA: Gravitational ENcounters with Gpu Acceleration";"https://emac.gsfc.nasa.gov?cid=2207-015"
"1812.016";"2018ascl.soft12016E";"Juliet: Transiting and non-transiting exoplanetary systems modelling tool";"https://emac.gsfc.nasa.gov?cid=2207-103"
"1907.030";"2019ascl.soft07030H";"Wotan: Stellar detrending methods";"https://emac.gsfc.nasa.gov?cid=2207-177"
"1902.009";"2019ascl.soft02009L";"ExPRES: Exoplanetary and Planetary Radio Emissions Simulator";"https://emac.gsfc.nasa.gov?cid=2311-007"
"1903.003";"2019ascl.soft03003G";"allesfitter: Flexible star and exoplanet inference from photometry and radial velocity";"https://emac.gsfc.nasa.gov?cid=2207-152"
"1903.014";"2019ascl.soft03014Z";"PLATON: PLanetary Atmospheric Transmission for Observer Noobs";"https://emac.gsfc.nasa.gov?cid=2207-174"
"1904.013";"2019ascl.soft04013S";"EightBitTransit: Calculate light curves from pixel grids";"https://emac.gsfc.nasa.gov?cid=2207-139"
"1904.024";"2019ascl.soft04024P";"OoT: Out-of-Transit Light Curve Generator";"https://emac.gsfc.nasa.gov?cid=2404-005"
"1904.022";"2019ascl.soft04022F";"eleanor: Extracted and systematics-corrected light curves for TESS-observed stars";"https://emac.gsfc.nasa.gov?cid=2207-157"
"1905.019";"2019ascl.soft05019B";"PICASO: Planetary Intensity Code for Atmospheric Scattering Observations";"https://emac.gsfc.nasa.gov?cid=2207-151"
"1906.016";"2019ascl.soft06016B";"PandExo: Instrument simulations for exoplanet observation planning";"https://emac.gsfc.nasa.gov?cid=2207-171"
"1906.004";"2019ascl.soft06004T";"The Exo-Striker: Transit and radial velocity interactive fitting tool for orbital analysis and N-body simulations";"https://emac.gsfc.nasa.gov?cid=2207-122"
"1910.009";"2019ascl.soft10009B";"orbitize: Orbit-fitting for directly imaged objects";"https://emac.gsfc.nasa.gov?cid=2207-150"
"1908.005";"2019ascl.soft08005P";"dips: Detrending periodic signals in timeseries";"https://emac.gsfc.nasa.gov?cid=2207-024"
"1908.009";"2019ascl.soft08009K";"PyRADS: Python RADiation model for planetary atmosphereS";"https://emac.gsfc.nasa.gov/?cid=2403-020"
"1909.013";"2019ascl.soft09013M";"EPOS: Exoplanet Population Observation Simulator";"https://emac.gsfc.nasa.gov?cid=2207-149"
"1910.007";"2019ascl.soft10007H";"TLS: Transit Least Squares";"https://emac.gsfc.nasa.gov/?cid=2207-140"
"1910.008";"2019ascl.soft10008D";"ECLIPS3D: Linear wave and circulation calculations";"https://emac.gsfc.nasa.gov?cid=2209-011"
"1910.010";"2019ascl.soft10010F";"PEXO: Precise EXOplanetology";"https://emac.gsfc.nasa.gov?cid=2207-121"
"2212.011";"2022ascl.soft12011B";"xwavecal: Wavelength calibrating echelle spectrographs";"https://emac.gsfc.nasa.gov?cid=2207-101"
"2505.009";"2025ascl.soft05009U";"BEM: Random forest for exoplanets";"https://emac.gsfc.nasa.gov/?cid=2207-124"
"1912.020";"2019ascl.soft12020K";"MRExo: Non-parametric mass-radius relationship for exoplanets";"https://emac.gsfc.nasa.gov?cid=2207-129"
"2505.010";"2025ascl.soft05010A";"Exo-MerCat: Exoplanet Merged Catalog with Virtual Observatory connection";"https://emac.gsfc.nasa.gov/?cid=2505-003"
"2505.007";"2025ascl.soft05007Y";"Jitter: RV jitter prediction code";"https://emac.gsfc.nasa.gov?cid=2207-099"
"2001.012";"2020ascl.soft01012B";"MCMCI: Markov Chain Monte Carlo + Isochrones method for characterizing exoplanetary systems";"https://emac.gsfc.nasa.gov?cid=2207-081"
"2002.004";"2020ascl.soft02004G";"triceratops: Candidate exoplanet rating tool";"https://emac.gsfc.nasa.gov?cid=2207-100"
"2002.005";"2020ascl.soft02005A";"ODUSSEAS: Observing Dwarfs Using Stellar Spectroscopic Energy-Absorption Shapes";"https://emac.gsfc.nasa.gov?cid=2207-119"
"2002.020";"2020ascl.soft02020W";"ExoCAM: Exoplanet Community Atmospheric Model";"https://emac.gsfc.nasa.gov?cid=2207-123"
"2003.010";"2020ascl.soft03010H";"MARGE: Machine learning Algorithm for Radiative transfer of Generated Exoplanets";"https://emac.gsfc.nasa.gov?cid=2207-007"
"2003.011";"2020ascl.soft03011H";"HOMER: A Bayesian inverse modeling code";"https://emac.gsfc.nasa.gov?cid=2207-008"
"2009.002";"2020ascl.soft09002V";"vlt-sphere: Automatic VLT/SPHERE data reduction and analysis";"https://emac.gsfc.nasa.gov?cid=2207-093"
"2006.011";"2020ascl.soft06011Z";"SERVAL: SpEctrum Radial Velocity AnaLyser";"https://emac.gsfc.nasa.gov?cid=2207-029"
"2006.015";"2020ascl.soft06015S";"ARCHI: Add-on pipeline module for background star analysis from CHEOPS data";"https://emac.gsfc.nasa.gov?cid=2207-111"
"2006.019";"2020ascl.soft06019G";"TATOO: Tidal-chronology Age TOOl";"https://emac.gsfc.nasa.gov?cid=2403-018"
"2008.010";"2020ascl.soft08010K";"zeus: Lightning Fast MCMC";"https://emac.gsfc.nasa.gov?cid=2207-042"
"2009.006";"2020ascl.soft09006R";"SPInS: Stellar Parameters INferred Systematically";"https://emac.gsfc.nasa.gov?cid=2207-092"
"2010.008";"2020ascl.soft10008B";"Exo-DMC: Exoplanet Detection Map Calculator";"https://emac.gsfc.nasa.gov?cid=2210-002"
"2010.007";"2020ascl.soft10007F";"stella: Stellar flares identifier";"https://emac.gsfc.nasa.gov?cid=2207-098"
"2011.015";"2020ascl.soft11015O";"EvapMass: Minimum mass of planets predictor";"https://emac.gsfc.nasa.gov?cid=2207-096"
"2503.002";"2025ascl.soft03002A";"NbodyGradient: Compute gradients of N-body integrations";"https://emac.gsfc.nasa.gov/?cid=2207-017"
"2506.014";"2025ascl.soft06014M";"M_-M_K-: Estimate masses and uncertainties from M_Ks (2MASS Ks + distance)";"https://emac.gsfc.nasa.gov/?cid=2209-001"
"2011.027";"2020ascl.soft11027C";"kiauhoku: Stellar model grid interpolation";"https://emac.gsfc.nasa.gov?cid=2211-007"
"2012.012";"2020ascl.soft12012K";"TRAN_K2: Planetary transit search";"https://emac.gsfc.nasa.gov?cid=2207-046"
"2011.020";"2020ascl.soft11020T";"REBOUNDx: Adding effects in REBOUND N-body integrations";"https://emac.gsfc.nasa.gov?cid=2507-003"
"2012.006";"2020ascl.soft12006C";"Robovetter: Automatic vetting of Threshold Crossing Events (TCEs)";"https://emac.gsfc.nasa.gov/?cid=2207-089"
"2102.009";"2021ascl.soft02009B";"EqTide: Equilibrium Tide calculations";"https://emac.gsfc.nasa.gov?cid=2207-145"
"2102.010";"2021ascl.soft02010S";"hardCORE: Exoplanet core radius fractions calculator";"https://emac.gsfc.nasa.gov?cid=2207-133"
"2102.022";"2021ascl.soft02022C";"RASSINE: Normalizing 1D stellar spectra";"https://emac.gsfc.nasa.gov?cid=2207-019"
"2103.012";"2021ascl.soft03012Y";"AstroNet-Triage: Neural network for TESS light curve triage";"https://emac.gsfc.nasa.gov?cid=2207-066"
"2103.029";"2021ascl.soft03029P";"SparseBLS: Box-Fitting Least Squares implementation for sparse data";"https://emac.gsfc.nasa.gov?cid=2207-063"
"2104.010";"2021ascl.soft04010D";"OpTool: Command-line driven tool for creating complex dust opacities";"https://emac.gsfc.nasa.gov?cid=2403-013"
"2104.025";"2021ascl.soft04025W";"SpaceHub: High precision few-body and large scale N-body simulations";"https://emac.gsfc.nasa.gov?cid=2207-065"
"2104.027";"2021ascl.soft04027P";"linemake: Line list generator";"https://emac.gsfc.nasa.gov?cid=2503-005"
"2105.017";"2021ascl.soft05017C";"Pyrat Bay: Python Radiative Transfer in a Bayesian framework";"https://emac.gsfc.nasa.gov/?cid=2207-062"
"2106.001";"2021ascl.soft06001M";"KOBE: Kepler Observes Bern Exoplanets";"https://emac.gsfc.nasa.gov?cid=2207-061"
"2106.006";"2021ascl.soft06006B";"Pyshellspec: Binary systems with circumstellar matter";"https://emac.gsfc.nasa.gov?cid=2211-004"
"2106.015";"2021ascl.soft06015C";"ATES: ATmospheric EScape";"https://emac.gsfc.nasa.gov?cid=2207-056"
"2106.039";"2021ascl.soft06039V";"atmos: Coupled climate–photochemistry model";"https://emac.gsfc.nasa.gov?cid=2207-162"
"2306.030";"2023ascl.soft06030C";"Butterpy: Stellar butterfly diagram and rotational light curve simulator";"https://emac.gsfc.nasa.gov/?cid=2211-008"
"2201.004";"2022ascl.soft01004H";"FitsMap: Interactive astronomical image and catalog data visualizer";"https://emac.gsfc.nasa.gov?cid=2207-010"
"2108.007";"2021ascl.soft08007J";"catwoman: Transit modeling Python package for asymmetric light curves";"https://emac.gsfc.nasa.gov?cid=2207-091"
"2108.021";"2021ascl.soft08021P";"ExoPlaSim: Exoplanet climate simulator";"https://emac.gsfc.nasa.gov?cid=2207-059"
"2110.002";"2021ascl.soft10002K";"exodetbox: Finding planet-star projected separation extrema and difference in magnitude extrema";"https://emac.gsfc.nasa.gov?cid=2207-038"
"2110.004";"2021ascl.soft10004L";"TULIPS: Tool for Understanding the Lives, Interiors, and Physics of Stars";"https://emac.gsfc.nasa.gov?cid=2207-032"
"2110.010";"2021ascl.soft10010A";"BASTA: BAyesian STellar Algorithm";"https://emac.gsfc.nasa.gov?cid=2207-023"
"2110.017";"2021ascl.soft10017C";"ThERESA: 3D Exoplanet Cartography";"https://emac.gsfc.nasa.gov?cid=2207-039"
"2111.006";"2021ascl.soft11006G";"prose: FITS images processing pipeline";"https://emac.gsfc.nasa.gov?cid=2209-003"
"2111.010";"2021ascl.soft11010J";"Nii: Multidimensional posterior distributions framework";"https://emac.gsfc.nasa.gov?cid=2207-035"
"2111.011";"2021ascl.soft11011D";"p-winds: Python implementation of Parker wind models for planetary atmospheres";"https://emac.gsfc.nasa.gov?cid=2207-031"
"2111.012";"2021ascl.soft11012D";"flatstar: Make 2d intensity maps of limb-darkened stars";"https://emac.gsfc.nasa.gov?cid=2407-007"
"2111.015";"2021ascl.soft11015L";"gCMCRT: 3D Monte Carlo Radiative Transfer for exoplanet atmospheres using GPUs";"https://emac.gsfc.nasa.gov?cid=2207-037"
"2111.016";"2021ascl.soft11016T";"SteParSyn: Stellar atmospheric parameters using the spectral synthesis method";"https://emac.gsfc.nasa.gov?cid=2207-012"
"2202.010";"2022ascl.soft02010Z";"EDIVU: Exoplanet Detection Identifier Vetter Unplugged";"https://emac.gsfc.nasa.gov?cid=2207-079"
"2112.021";"2021ascl.soft12021C";"GRIT: Gravitational Rigid-body InTegrators for simulating coupled dynamics";"https://emac.gsfc.nasa.gov?cid=2207-058"
"2112.024";"2021ascl.soft12024H";"l1p: Python implementation of the l1 periodogram";"https://emac.gsfc.nasa.gov/?cid=2207-005"
"2502.013";"2025ascl.soft02013Y";"SpecMatch-Emp: Empirical SpecMatch";"https://emac.gsfc.nasa.gov/?cid=2212-004"
"2301.013";"2023ascl.soft01013A";"pyExoRaMa: An interactive tool to investigate the radius-mass diagram for exoplanets";"https://emac.gsfc.nasa.gov?cid=2207-013"
"2201.012";"2022ascl.soft01012H";"MAGRATHEA: Planet interior structure code";"https://emac.gsfc.nasa.gov?cid=2207-030"
"2202.002";"2022ascl.soft02002D";"NWelch: Spectral analysis of time series with nonuniform observing cadence";"https://emac.gsfc.nasa.gov?cid=2207-006"
"2206.003";"2022ascl.soft06003K";"ExoJAX: Spectrum modeling of exoplanets and brown dwarfs";"https://emac.gsfc.nasa.gov?cid=2503-003"
"2203.001";"2022ascl.soft03001H";"SISTER: Starshade Imaging Simulation Toolkit for Exoplanet Reconnaissance";"https://emac.gsfc.nasa.gov?cid=2207-020"
"2203.002";"2022ascl.soft03002S";"exoVista: Planetary systems generator";"https://emac.gsfc.nasa.gov?cid=2209-002"
"2207.014";"2022ascl.soft07014M";"petitRADTRANS: Exoplanet spectra calculator";"https://emac.gsfc.nasa.gov?cid=2207-147"
"2507.001";"2025ascl.soft07001F";"ExoplanetsSysSim: Exoplanet System Simulation";"https://emac.gsfc.nasa.gov/?cid=2207-109"
"2204.009";"2022ascl.soft04009P";"MAYONNAISE: ADI data imaging processing pipeline";"https://emac.gsfc.nasa.gov?cid=2207-087"
"2207.016";"2022ascl.soft07016S";"DustPy: Simulation of dust evolution in protoplanetary disks";"https://emac.gsfc.nasa.gov?cid=2208-002"
"2209.016";"2022ascl.soft09016M";"RAPOC: Rosseland and Planck mean opacities calculator";"https://emac.gsfc.nasa.gov?cid=2209-013"
"2210.017";"2022ascl.soft10017W";"PySME: Spectroscopy Made Easy reimplemented with Python";"https://emac.gsfc.nasa.gov?cid=2210-005"
"2212.025";"2022ascl.soft12025S";"CONTROL: Colorado Ultraviolet Transit Experiment data reduction pipeline";"https://emac.gsfc.nasa.gov?cid=2403-021"
"2301.028";"2023ascl.soft01028C";"special: SPEctral Characterization of directly ImAged Low-mass companions";"https://emac.gsfc.nasa.gov?cid=2207-014"
"2301.029";"2023ascl.soft01029M";"ALMA3: plAnetary Love nuMbers cAlculator";"https://emac.gsfc.nasa.gov?cid=2208-001"
"2307.040";"2023ascl.soft07040S";"pycrires: Data reduction pipeline for VLT/CRIRES+";"https://emac.gsfc.nasa.gov?cid=2312-001"
"2302.002";"2023ascl.soft02002P";"deconfuser: Fast orbit fitting to directly imaged multi-planetary systems";"https://emac.gsfc.nasa.gov?cid=2401-004"
"2302.003";"2023ascl.soft02003G";"PHOTOe: Monte Carlo model for simulating the slowing down of photoelectrons";"https://emac.gsfc.nasa.gov?cid=2212-005"
"2302.005";"2023ascl.soft02005H";"celmech: Sandbox for celestial mechanics calculations";"https://emac.gsfc.nasa.gov?cid=2207-002"
"2302.007";"2023ascl.soft02007J";"AnalyticLC: Dynamical modeling of planetary systems";"https://emac.gsfc.nasa.gov?cid=2211-003"
"2302.009";"2023ascl.soft02009Z";"EXOTIC: EXOplanet Transit Interpretation Code";"https://emac.gsfc.nasa.gov?cid=2207-057"
"2302.014";"2023ascl.soft02014F";"kima: Exoplanet detection in RVs with DNest4 and GPs";"https://emac.gsfc.nasa.gov?cid=2207-083"
"2302.020";"2023ascl.soft02020Z";"UBER: Universal Boltzmann Equation Solver";"https://emac.gsfc.nasa.gov?cid=2207-041"
"2304.002";"2023ascl.soft04002B";"Applefy: Robust detection limits for high-contrast imaging";"https://emac.gsfc.nasa.gov?cid=2305-003"
"2304.004";"2023ascl.soft04004R";"FALCO: Fast Linearized Coronagraph Optimizer in MATLAB";"https://emac.gsfc.nasa.gov?cid=2207-067"
"2304.005";"2023ascl.soft04005R";"FALCO: Fast Linearized Coronagraph Optimizer in Python";"https://emac.gsfc.nasa.gov?cid=2207-067"
"2304.006";"2023ascl.soft04006F";"JET: JWST Exoplanet Targeting";"https://emac.gsfc.nasa.gov?cid=2207-126"
"2504.012";"2025ascl.soft04012P";"Turbospectrum_NLTE: Turbospectrum 2020 with NLTE capability";"https://emac.gsfc.nasa.gov/?cid=2306-001"
"2306.027";"2023ascl.soft06027C";"PEP: Planetary Ephemeris Program";"https://emac.gsfc.nasa.gov/?cid=2207-050"
"2306.028";"2023ascl.soft06028R";"rfast: Planetary spectral forward and inverse modeling tool";"https://emac.gsfc.nasa.gov/?cid=2211-006"
"2306.040";"2023ascl.soft06040H";"PEPITA: Prediction of Exoplanet Precisions using Information in Transit Analysis";"https://emac.gsfc.nasa.gov/?cid=2302-002"
"2306.043";"2023ascl.soft06043D";"SHERLOCK: Explore Kepler, K2, and TESS data";"https://emac.gsfc.nasa.gov/?cid=2301-001"
"2307.006";"2023ascl.soft07006R";"pyPplusS: Modeling exoplanets with rings";"https://emac.gsfc.nasa.gov?cid=2211-001"
"2307.028";"2023ascl.soft07028R";"TidalPy: Moon and exoplanet tidal heating and dynamics estimator";"https://emac.gsfc.nasa.gov/?cid=2207-034"
"2307.053";"2023ascl.soft07053L";"EVolve: Growth and evolution of volcanically-derived atmospheres";"https://emac.gsfc.nasa.gov/?cid=2207-036"
"2307.057";"2023ascl.soft07057S";"species: Atmospheric characterization of directly imaged exoplanets";"https://emac.gsfc.nasa.gov/?cid=2207-146"
"2307.058";"2023ascl.soft07058H";"APOLLO:  Radiative transfer and atmosphere spectroscopic retrieval for exoplanets";"https://emac.gsfc.nasa.gov?cid=2207-053"
"2309.001";"2023ascl.soft09001T";"TRES: TRiple Evolution Simulation package";"https://emac.gsfc.nasa.gov?cid=2402-001"
"2309.007";"2023ascl.soft09007D";"MATRIX: Multi-phAse Transits Recovery from Injected eXoplanets toolkit";"https://emac.gsfc.nasa.gov?cid=2302-004"
"2309.020";"2023ascl.soft09020T";"PlanetSlicer: Orange-slice algorithm for fitting brightness maps to phase curves";"https://emac.gsfc.nasa.gov?cid=2207-082"
"2311.002";"2023ascl.soft11002C";"VCAL-SPHERE: Hybrid pipeline for reduction of VLT/SPHERE data";"https://emac.gsfc.nasa.gov?cid=2401-005"
"2312.028";"2023ascl.soft12028C";"SAGE: Stellar Activity Grid for Exoplanets";"https://emac.gsfc.nasa.gov?cid=2503-001"
"2312.033";"2023ascl.soft12033P";"RADIS: Fast line-by-line code for high-resolution infrared molecular spectra";"https://emac.gsfc.nasa.gov/?cid=2207-025"
"2312.034";"2023ascl.soft12034M";"pycheops: Light curve analysis for ESA CHEOPS data";"https://emac.gsfc.nasa.gov?cid=2207-003"
"2405.015";"2024ascl.soft05015L";"sunbather: Escaping exoplanet atmospheres and transit spectra simulator";"https://emac.gsfc.nasa.gov/?cid=2405-005"
"2405.019";"2024ascl.soft05019L";"coronagraph: Python noise model for directly imaging exoplanets";"https://emac.gsfc.nasa.gov?cid=2403-003"
"2405.020";"2024ascl.soft05020P";"tapify: Multitaper spectrum for time-series analysis";"https://emac.gsfc.nasa.gov?cid=2311-002"
"2406.021";"2024ascl.soft06021W";"photochem: Chemical model of planetary atmospheres";"https://emac.gsfc.nasa.gov?cid=2406-002"
"2409.009";"2024ascl.soft09009S";"resonances: Mean-motion resonances in Solar system and other planetary systems identifier";"https://emac.gsfc.nasa.gov?cid=2503-007"
"2409.015";"2024ascl.soft09015A";"GASTLI: GAS gianT modeL for Interiors";"https://emac.gsfc.nasa.gov?cid=2504-001"
"2409.016";"2024ascl.soft09016Z";"PyExoCross: Molecular line lists post-processor";"https://emac.gsfc.nasa.gov?cid=2407-003"
"2410.012";"2024ascl.soft10012B";"Exo-REM: 1D self-consistent radiative-equilibrium model for exoplanetary atmospheres";"https://emac.gsfc.nasa.gov?cid=2207-040"
"2410.015";"2024ascl.soft10015C";"Kamodo: Space weather data access, interpolation, and visualization";"https://emac.gsfc.nasa.gov?cid=2209-012"
"2410.016";"2024ascl.soft10016L";"Gaspery: Radial velocity (RV) observing strategies";"https://emac.gsfc.nasa.gov?cid=2410-001"
"2410.017";"2024ascl.soft10017G";"SSOF: Data-driven models for extremely precise radial velocity (EPRV) spectra";"https://emac.gsfc.nasa.gov?cid=2504-002"
"2411.028";"2024ascl.soft11028P";"SMINT: Structure Model INTerpolator";"https://emac.gsfc.nasa.gov/?cid=2207-048"
"2411.029";"2024ascl.soft11029N";"IcyDwarf: Coupled geophysical-geochemical-orbital evolution model of icy worlds";"https://emac.gsfc.nasa.gov/?cid=2207-054"
"2411.030";"2024ascl.soft11030Y";"NEMESISPY: Modeling exoplanet spectra";"https://emac.gsfc.nasa.gov/?cid=2409-001"
"2412.010";"2024ascl.soft12010R";"exoTEDRF: Tools for end-to-end reduction of JWST exoplanet observations";"https://emac.gsfc.nasa.gov?cid=2403-015"
"2412.025";"2024ascl.soft12025C";"squishyplanet: Non-spherical exoplanet transit modeling";"https://emac.gsfc.nasa.gov?cid=2507-004"
"2412.026";"2024ascl.soft12026A";"MARDIGRAS: MAss-Radius DIaGRAm with Sliders";"https://emac.gsfc.nasa.gov?cid=2403-019"
"2412.027";"2024ascl.soft12027C";"mr-plotter: Mass-radius diagrams plotter";"https://emac.gsfc.nasa.gov?cid=2307-001"
"2501.003";"2025ascl.soft01003R";"Haystacks: High-fidelity planetary system models for simulating exoplanet imaging";"https://emac.gsfc.nasa.gov/?cid=2207-136"
"2501.004";"2025ascl.soft01004S";"tshirt: Time Series Helper and Integration Reduction Tool";"https://emac.gsfc.nasa.gov/?cid=2207-136"
"2501.006";"2025ascl.soft01006D";"ExoTR: Bayesian inverse retrieval algorithm to interpret exoplanetary transmission spectra";"https://emac.gsfc.nasa.gov/?cid=2408-003"
"2501.007";"2025ascl.soft01007S";"NEXO: Nonsingular Estimator for EXoplanet Orbits";"https://emac.gsfc.nasa.gov/?cid=2408-002"
"2501.008";"2025ascl.soft01008T";"ECCOplanets: Simulation and analysis of rocky planets";"https://emac.gsfc.nasa.gov/?cid=2407-006"
"2501.009";"2025ascl.soft01009R";"breads: Broad Repository for Exoplanet Analysis, Discovery, and Spectroscopy";"https://emac.gsfc.nasa.gov/?cid=2406-001"
"2501.010";"2025ascl.soft01010H";"SpectralRadex: Spectral modeling and RADEX";"https://emac.gsfc.nasa.gov/?cid=2405-002"
"2502.001";"2025ascl.soft02001D";"RadioBEAR: BErkeley Atmospheric Radiative transfer";"https://emac.gsfc.nasa.gov/?cid=2407-005"
"2502.002";"2025ascl.soft02002V";"speedyfit: Single and binary stars photometric spectral energy distribution fitter";"https://emac.gsfc.nasa.gov/?cid=2407-004"
"2502.004";"2025ascl.soft02004A";"MOLPOP-CEP: Exact solution of radiative transfer problems in multi-level atomic systems";"https://emac.gsfc.nasa.gov/?cid=2405-006"
"2502.005";"2025ascl.soft02005D";"polyrot: Polytropic modeling of rapidly rotating planets and stars";"https://emac.gsfc.nasa.gov/?cid=2405-004"
"2502.006";"2025ascl.soft02006S";"Giants: Pipeline to search for exoplanets around evolved stars";"https://emac.gsfc.nasa.gov/?cid=2405-001"
"2502.007";"2025ascl.soft02007C";"TLCM: Transit and Light Curve Modeler";"https://emac.gsfc.nasa.gov/?cid=2404-006"
"2502.008";"2025ascl.soft02008D";"SPCA: Spitzer Phase Curve Analysis";"https://emac.gsfc.nasa.gov/?cid=2404-004"
"2502.009";"2025ascl.soft02009K";"Tiberius: Time series spectral extraction and transit light curve fitting";"https://emac.gsfc.nasa.gov/?cid=2305-002"
"2502.010";"2025ascl.soft02010D";"WATSON: Visual Vetting and Analysis of Transits of Space ObservatioNs";"https://emac.gsfc.nasa.gov?cid=2302-003"
"2502.011";"2025ascl.soft02011S";"PyMieScatt: Forward and inverse Mie solving routines";"https://emac.gsfc.nasa.gov/?cid=2302-001"
"2502.012";"2025ascl.soft02012Z";"PACMAN: Data reduction and analysis pipeline for HST/WFC3 data";"https://emac.gsfc.nasa.gov/?cid=2212-006"
"2502.014";"2025ascl.soft02014C";"spaceKLIP: JWST coronagraphy data data reduction and analysis pipeline";"https://emac.gsfc.nasa.gov/?cid=2212-002"
"2502.015";"2025ascl.soft02015O";"Optimal BLS: Optimally-efficient code for transit searches in long time series";"https://emac.gsfc.nasa.gov/?cid=2211-002"
"2502.016";"2025ascl.soft02016D";"ATOCA: Decontaminate and extract spectra from image";"https://emac.gsfc.nasa.gov/?cid=2210-004"
"2502.017";"2025ascl.soft02017G";"blasé: Interpretable machine learning for high-resolution astronomical spectroscopy";"https://emac.gsfc.nasa.gov/?cid=2210-001"
"2507.004";"2025ascl.soft07004H";"SysSimPyPlots: Functions for plotting galleries of systems";"https://emac.gsfc.nasa.gov/?cid=2209-015"
"2507.005";"2025ascl.soft07005H";"SysSimPyMMEN: Infer the minimum-mass extrasolar nebula";"https://emac.gsfc.nasa.gov/?cid=2209-014"
"2507.006";"2025ascl.soft07006M";"OW: Opacity Wizard";"https://emac.gsfc.nasa.gov/?cid=2207-135"
"2502.018";"2025ascl.soft02018H";"TESS-SIP: Long term rotation period finding tool";"https://emac.gsfc.nasa.gov/?cid=2209-010"
"2502.020";"2025ascl.soft02020S";"IGRINS_RV: Radial velocity pipeline for IGRINS";"https://emac.gsfc.nasa.gov/?cid=2209-009"
"2502.021";"2025ascl.soft02021M";"AccretR: Planetary accretion and composition code in R";"https://emac.gsfc.nasa.gov/?cid=2209-008"
"2502.022";"2025ascl.soft02022F";"THAI: Analysis and visualization code for the TRAPPIST Habitable Atmosphere Intercomparison";"https://emac.gsfc.nasa.gov/?cid=2207-132"
"2503.003";"2025ascl.soft03003S";"spectools_ir: Medium/high-resolution IR molecular spectra analysis tools";"https://emac.gsfc.nasa.gov/?cid=2207-021"
"2503.004";"2025ascl.soft03004W";"ROCKE-3D: Fully coupled ocean atmosphere 3-D General Circulation Model";"https://emac.gsfc.nasa.gov/?cid=2207-022"
"2503.005";"2025ascl.soft03005C";"Deep-Transit: Transit detection with a 2D object detection algorithm";"https://emac.gsfc.nasa.gov/?cid=2207-055"
"2503.006";"2025ascl.soft03006Z";"exoscene: Simulate direct images of exoplanetary systems";"https://emac.gsfc.nasa.gov/?cid=2207-068"
"2503.007";"2025ascl.soft03007L";"AESTRA: Radial velocity measurements in the presence of stellar activity noise";"https://emac.gsfc.nasa.gov?cid=2401-003"
"2503.008";"2025ascl.soft03008R";"APPLESOSS: Empirical profile construction module";"https://emac.gsfc.nasa.gov/?cid=2403-014"
"2503.009";"2025ascl.soft03009K";"ATMOSPHERIX: Processing tool for t.fits files";"https://emac.gsfc.nasa.gov/?cid=2403-022"
"2503.010";"2025ascl.soft03010B";"Bioverse:  Quantitative framework for assessing diagnostic power of a statistical exoplanet survey";"https://emac.gsfc.nasa.gov/?cid=2306-002"
"2503.011";"2025ascl.soft03011H";"CROCODILE: Atmospheric retrievals of directly observed gas giant exoplanets";"https://emac.gsfc.nasa.gov?cid=2308-001"
"2503.012";"2025ascl.soft03012O";"DIA: Delta function Difference Imaging Code";"https://emac.gsfc.nasa.gov?cid=2403-008"
"2503.013";"2025ascl.soft03013B";"ExoMDN: Rapid characterization of exoplanet interiors with Mixture Density Networks";"https://emac.gsfc.nasa.gov/?cid=2310-005"
"2503.014";"2025ascl.soft03014B";"GEOCLIM.jl: Global silicate weathering estimation";"https://emac.gsfc.nasa.gov/?cid=2310-002"
"2503.015";"2025ascl.soft03015S";"gollum: Programmatic access to precomputed synthetic spectral model grids";"https://emac.gsfc.nasa.gov/?cid=2403-023"
"2503.016";"2025ascl.soft03016C";"GPS: Genesis Population Synthesis";"https://emac.gsfc.nasa.gov?cid=2403-012"
"2503.017";"2025ascl.soft03017W";"IGRINS_transit: Cross-correlation detections of molecules in a transitting exoplanet atmosphere";"https://emac.gsfc.nasa.gov/?cid=2409-002"
"2503.018";"2025ascl.soft03018C";"IsoFATE: Isotopic Fractionation via ATmospheric Escape";"https://emac.gsfc.nasa.gov/?cid=2403-006"
"2503.019";"2025ascl.soft03019K";"kpic_pipeline: KPIC Data Reduction Pipeline";"https://emac.gsfc.nasa.gov/?cid=2407-001"
"2503.020";"2025ascl.soft03020F";"luas: Gaussian processes for analyzing two-dimensional data sets";"https://emac.gsfc.nasa.gov/?cid=2403-005"
"2503.031";"2025ascl.soft03031M";"ExoSim 2: Exoplanet Observation Simulator 2";"https://emac.gsfc.nasa.gov?cid=2504-003"
"2503.021";"2025ascl.soft03021L";"mini-chem: Miniature chemical kinetics model for gas giant GCMs";"https://emac.gsfc.nasa.gov/?cid=2403-002"
"2503.022";"2025ascl.soft03022C";"NcorpiON: N-body integration for collisional and fragmenting systems";"https://emac.gsfc.nasa.gov/?cid=2311-005"
"2504.001";"2025ascl.soft04001G";"nuance: Transiting planet detector";"https://emac.gsfc.nasa.gov/?cid=2404-003"
"2504.002";"2025ascl.soft04002N";"PBjam: Automating asteroseismology of solar-like oscillators";"https://emac.gsfc.nasa.gov/?cid=2311-004"
"2504.003";"2025ascl.soft04003W";"PCM_LBL: Planetary Climate Model Line-By-Line";"https://emac.gsfc.nasa.gov/?cid=2310-003"
"2504.004";"2025ascl.soft04004F";"photoevolver: Atmospheric escape of extrasolar planets simulator";"https://emac.gsfc.nasa.gov?cid=2310-001"
"2504.005";"2025ascl.soft04005E";"plaNETic: Small exoplanet internal structure modeling framework";"https://emac.gsfc.nasa.gov?cid=2408-001"
"2504.006";"2025ascl.soft04006P";"pycdata: Dataset importer for pycheops";"https://emac.gsfc.nasa.gov?cid=2310-006"
"2504.007";"2025ascl.soft04007B";"RTModel: Microlensing modeling";"https://emac.gsfc.nasa.gov/?cid=2406-003"
"2504.008";"2025ascl.soft04008P";"Spright: Bayesian mass-radius relation for small planets";"https://emac.gsfc.nasa.gov/?cid=2401-006"
"2504.009";"2025ascl.soft04009L";"SWAMPE: 2D spectral-core shallow-water exoplanet atmosphere model";"https://emac.gsfc.nasa.gov/?cid=2306-003"
"2504.010";"2025ascl.soft04010H";"tglc: TESS full-frame image light curves";"https://emac.gsfc.nasa.gov?cid=2410-003"
"2504.011";"2025ascl.soft04011C";"TriArc: Detecting trace gases in exoplanet atmospheres";"https://emac.gsfc.nasa.gov?cid=2503-004"
"2504.013";"2025ascl.soft04013J";"VSPEC: Variable Star PhasE Curve";"https://emac.gsfc.nasa.gov/?cid=2401-001"
"2504.014";"2025ascl.soft04014L";"CHIMERA: CaltecH Inverse ModEling and Retrieval Algorithms";"https://emac.gsfc.nasa.gov/?cid=2207-113"
"2504.015";"2025ascl.soft04015D";"DYNAMITE: DYNAmical Multi-planet Injection TEster";"https://emac.gsfc.nasa.gov/?cid=2207-051"
"2504.016";"2025ascl.soft04016T";"TROPF: Tidal Response Of Planetary Fluids";"https://emac.gsfc.nasa.gov?cid=2207-175"
"2504.017";"2025ascl.soft04017F";"Pytmosph3R: Compute transmission spectra of planets with a 1D, 2D, or 3D atmospheric structure";"https://emac.gsfc.nasa.gov/?cid=2207-001"
"2504.018";"2025ascl.soft04018A";"tpfplotter: TESS target pixel file plotter";"https://emac.gsfc.nasa.gov/?cid=2207-120"
"2504.019";"2025ascl.soft04019W";"ExoInt: Devolatilization and interior modeling package for rocky planets";"https://emac.gsfc.nasa.gov/?cid=2207-045"
"2504.020";"2025ascl.soft04020S";"ChromaStarPy: Python stellar atmosphere and spectrum modeling code";"https://emac.gsfc.nasa.gov/?cid=2207-090"
"2505.001";"2025ascl.soft05001R";"speclib: Tools for working with stellar spectral libraries";"https://emac.gsfc.nasa.gov?cid=2503-012"
"2505.004";"2025ascl.soft05004B";"Eureka!: Data reduction and analysis pipeline for JWST and HST time-series observations";"https://emac.gsfc.nasa.gov?cid=2207-176"
"2505.008";"2025ascl.soft05008S";"Aeolus: Object-oriented analysis of atmospheric model output";"https://emac.gsfc.nasa.gov/?cid=2207-106"
"2505.011";"2025ascl.soft05011D";"eclipsoid: Transit models for ellipsoidal planets in Jax";"https://emac.gsfc.nasa.gov/?cid=2504-007"
"2505.012";"2025ascl.soft05012H";"ExoLyn: Multi-species cloud modeling in atmospheric retrieval";"https://emac.gsfc.nasa.gov?cid=2504-006"
"2506.002";"2025ascl.soft06002Z";"MAGIC: Automatic analysis of realistic microlensing light curves";"https://emac.gsfc.nasa.gov/?cid=2306-004"
"2506.003";"2025ascl.soft06003H";"SMART: Forward-modeling framework for spectroscopic data";"https://emac.gsfc.nasa.gov/?cid=2309-001"
"2506.004";"2025ascl.soft06004C";"TESS-cont: TESS contamination tool";"https://emac.gsfc.nasa.gov?cid=2505-002"
"2506.005";"2025ascl.soft06005B";"VBMicrolensing: Microlensing computations for single, binary, and multiple lenses";"https://emac.gsfc.nasa.gov?cid=2503-008"
"2506.006";"2025ascl.soft06006C";"Gen TSO: Graphical interface to simulate JWST exoplanet time-series observations";"https://emac.gsfc.nasa.gov/?cid=2503-011"
"2506.007";"2025ascl.soft06007Z";"excalibuhr: High-resolution spectral data reduction";"https://emac.gsfc.nasa.gov/?cid=2502-009"
"2506.008";"2025ascl.soft06008F";"DART-Vetter: Convolutional Neural Network to distinguish planetary transits from false positives";"https://emac.gsfc.nasa.gov/?cid=2502-007"
"2506.009";"2025ascl.soft06009M";"GRIP: Generic data Reduction for nulling Interferometry Package";"https://emac.gsfc.nasa.gov/?cid=2502-005"
"2506.010";"2025ascl.soft06010L";"easyCHEM: Chemical abundances in exoplanet atmospheres calculator";"https://emac.gsfc.nasa.gov/?cid=2502-003"
"2506.012";"2025ascl.soft06012R";"pyTPCI: Python version of The Pluto-Cloudy Interface";"https://emac.gsfc.nasa.gov/?cid=2502-002"
"2506.013";"2025ascl.soft06013R";"OCSVM-Transit-Detection: One-Class SVM model for exoplanet transit detection";"https://emac.gsfc.nasa.gov/?cid=2408-004"
"2507.002";"2025ascl.soft07002P";"LSCS: High-contrast space telescopes simulator";"https://emac.gsfc.nasa.gov/?cid=2207-130"
"2507.007";"2025ascl.soft07007J";"Nii-C: Automatic parallel tempering Markov Chain Monte Carlo framework";"https://emac.gsfc.nasa.gov?cid=2507-002"
"2507.008";"2025ascl.soft07008H";"tayph: Cross-correlation analysis of high resolution spectroscopy";"https://emac.gsfc.nasa.gov?cid=2507-001"
